permid,nace_code,country_iso,final_weight
4295856620,06.10,AU,0.1
4295856620,06.20,AU,0.43333333333333335
4295856620,35.11,AU,0.4
4295856620,49.50,AU,0.06666666666666667
4295856917,24.10,AU,1.0
4295856983,05.10,AU,0.18918918918918917
4295856983,05.20,AU,0.07761340635789975
4295856983,05.20,US,0.02458626026907965
4295856983,06.20,AU,0.02702702702702703
4295856983,06.20,DZ,0.02702702702702703
4295856983,06.20,TT,0.02702702702702703
4295856983,07.10,AU,0.18918918918918917
4295856983,07.29,AU,0.13513513513513511
4295856983,07.29,BO,0.027027027027027025
4295856983,07.29,BR,0.027027027027027025
4295856983,07.29,CL,0.08108108108108107
4295856983,07.29,PE,0.027027027027027025
4295856983,35.11,AU,0.027027027027027025
4295856983,35.11,CL,0.027027027027027025
4295856983,49.50,AU,0.08698952256220978
4295857124,19.20,AU,1.0
4295857141,06.10,AU,0.1
4295857141,06.10,PG,0.1
4295857141,06.10,TL,0.05
4295857141,06.20,AU,0.4
4295857141,06.20,TL,0.1
4295857141,49.50,AU,0.1452020202020202
4295857141,49.50,PG,0.1047979797979798
4295857272,07.29,AU,1.0
4295857433,06.20,AU,0.8888888888888888
4295857433,49.50,AU,0.1111111111111111
4295857460,07.29,AU,0.75
4295857460,07.29,CA,0.125
4295858398,07.10,AU,1.0
4295858622,51.10,AU,0.9041095890410958
4295858622,51.10,NF,0.0136986301369863
4295858622,51.10,NZ,0.0273972602739726
4295858622,51.10,SG,0.0136986301369863
4295858622,51.10,TL,0.0136986301369863
4295858622,51.10,TO,0.0136986301369863
4295858622,51.10,WS,0.0136986301369863
4295858761,24.10,AU,0.5842020569509551
4295858761,24.10,MY,0.0752116420625481
4295858761,24.10,NZ,0.10844469320646472
4295858761,24.10,US,0.2122017770936822
4295858761,24.20,ID,0.01993983068634996
4295858976,24.10,AT,0.6000000000000001
4295858976,24.10,BR,0.1
4295858976,24.10,DE,0.1
4295858976,24.10,SE,0.1
4295858976,24.10,US,0.1
4295859007,06.10,IQ,0.038461538461538464
4295859007,06.10,LY,0.038461538461538464
4295859007,06.10,NO,0.11538461538461539
4295859007,06.10,NZ,0.07692307692307693
4295859007,06.10,RU,0.038461538461538464
4295859007,06.20,AT,0.038461538461538464
4295859007,19.20,AT,0.038461538461538464
4295859007,19.20,DE,0.038461538461538464
4295859007,19.20,RO,0.07692307692307693
4295859007,20.11,AT,0.04585933665240867
4295859007,20.11,FR,0.09213940116401374
4295859007,20.13,BE,0.040389874482855345
4295859007,20.13,FI,0.12958418063249422
4295859007,20.13,SE,0.06942009676740762
4295859007,20.13,US,0.08414557183928195
4295859007,35.11,RO,0.038461538461538464
4295859071,35.11,AT,0.4107744107744108
4295859071,35.11,RO,0.5892255892255893
4295859421,35.11,BG,0.2
4295859421,35.11,DE,0.2
4295859421,35.11,ES,0.1
4295859421,35.11,FR,0.4
4295859421,35.11,IT,0.1
4295859731,35.11,BR,1.0
4295859739,35.11,BR,1.0
4295859761,07.10,BR,0.4444444444444444
4295859761,07.29,BR,0.125
4295859761,07.29,BW,0.013888888888888888
4295859761,07.29,CA,0.1111111111111111
4295859761,24.10,BR,0.05600358422939068
4295859761,24.10,OM,0.013440860215053764
4295859761,35.11,BR,0.2361111111111111
4295859763,35.11,BR,1.0
4295859808,35.11,BR,1.0
4295859955,35.11,BR,1.0
4295860016,35.11,BR,1.0
4295860040,17.11,BR,0.5985149482185892
4295860040,17.12,BR,0.0937927440891031
4295860040,35.11,BR,0.30769230769230765
4295860294,06.20,BR,0.14285714285714285
4295860294,35.11,BR,0.7142857142857142
4295860294,49.50,BR,0.14285714285714285
4295860302,10.11,AU,0.10494516540741512
4295860302,10.11,BR,0.4442862617064499
4295860302,10.11,CA,0.060538160008201634
4295860302,10.11,US,0.3713624883496315
4295860302,35.11,BR,0.018867924528301886
4295860372,17.11,BR,0.3333333333333333
4295860372,35.11,BR,0.6666666666666667
4295860606,35.11,CA,1.0
4295860623,35.11,CA,0.566425470332851
4295860623,35.11,US,0.4335745296671491
4295861140,07.29,AR,0.16666666666666666
4295861140,07.29,BO,0.16666666666666666
4295861140,07.29,LR,0.16666666666666666
4295861140,07.29,MX,0.16666666666666666
4295861140,07.29,PE,0.3333333333333333
4295861147,06.20,CA,1.0
4295861257,05.10,CA,0.14285714285714285
4295861257,05.20,CA,0.21342512908777966
4295861257,07.29,CA,0.14285714285714285
4295861257,07.29,CL,0.2857142857142857
4295861257,52.22,CA,0.21514629948364888
4295861296,35.11,BB,0.06666666666666667
4295861296,35.11,BS,0.13333333333333333
4295861296,35.11,CA,0.6327789884161028
4295861296,35.11,US,0.16722101158389724
4295861310,06.20,CA,0.4545454545454546
4295861310,20.13,CA,0.36363636363636365
4295861310,35.11,CA,0.18181818181818182
4295861508,17.11,CA,1.0
4295861818,35.11,CA,0.25
4295861818,35.11,US,0.5
4295861818,49.50,CA,0.25
4295862531,35.11,CA,0.5666369842683289
4295862531,35.11,MX,0.0771742356782428
4295862531,35.11,NL,0.3561887800534283
4295862540,07.10,MR,0.11111111111111112
4295862540,07.29,FI,0.11111111111111112
4295862540,07.29,MM,0.11111111111111112
4295862540,07.29,NA,0.11111111111111112
4295862540,07.29,SE,0.11111111111111112
4295862540,07.29,ZM,0.22222222222222224
4295862540,35.11,PA,0.2222222222222222
4295862910,35.11,CA,1.0
4295863289,51.10,BS,0.012345679012345678
4295863289,51.10,CA,0.6296296296296295
4295863289,51.10,CU,0.024691358024691357
4295863289,51.10,DO,0.012345679012345678
4295863289,51.10,MX,0.024691358024691357
4295863289,51.10,US,0.2962962962962963
4295863334,17.11,AR,0.0
4295863334,17.11,BR,0.09183583794709553
4295863334,17.11,CL,0.8248308287195711
4295863334,17.11,MX,0.0
4295863334,17.12,AR,0.0
4295863334,35.11,BR,0.08333333333333333
4295863358,35.11,CO,1.0
4295863663,05.10,CN,0.75
4295863663,35.11,CN,0.25
4295863693,05.10,CN,0.2222222222222222
4295863693,35.11,CN,0.7777777777777778
4295863694,35.11,CN,1.0
4295863698,05.10,CN,0.9090909090909092
4295863698,35.11,CN,0.09090909090909091
4295863739,35.11,CN,1.0
4295863742,05.10,CN,0.14285714285714285
4295863742,24.10,CN,0.14285714285714285
4295863742,35.11,CN,0.7142857142857142
4295863765,35.11,US,0.09013548314858358
4295863765,35.11,VN,0.7431978501847497
4295863765,35.11,ZA,0.08333333333333333
4295863765,52.22,CN,0.08333333333333333
4295863780,05.10,CN,0.3636363636363636
4295863780,35.11,CN,0.6363636363636364
4295863803,05.10,CN,0.13178294573643412
4295863803,35.11,CN,0.8415999007879269
4295863803,35.11,ID,0.026617153475638995
4295863845,35.11,CN,1.0
4295863850,35.11,CN,1.0
4295863939,24.10,CN,1.0
4295863971,35.11,CN,1.0
4295863989,24.10,CN,1.0
4295863994,35.11,CN,1.0
4295864048,05.10,CN,0.3333333333333333
4295864048,49.50,CN,0.6666666666666666
4295864049,05.10,CN,1.0
4295864057,05.10,CN,1.0
4295864110,23.51,CN,0.9824572858852977
4295864110,23.51,KH,0.017542714114702363
4295864144,05.10,CN,0.625
4295864144,35.11,CN,0.375
4295864185,07.10,CN,0.5
4295864185,07.29,DO,0.5
4295864198,05.10,CN,0.25
4295864198,35.11,CN,0.75
4295864209,35.11,CN,1.0
4295864218,05.10,CN,1.0
4295864253,05.10,CN,0.018404907975460124
4295864253,35.11,CN,0.98159509202454
4295864259,51.10,CN,0.9
4295864259,51.10,JP,0.05
4295864259,51.10,LA,0.05
4295864268,05.10,CN,0.9166666666666666
4295864268,35.11,CN,0.08333333333333333
4295864272,51.10,CN,1.0
4295864274,07.29,CN,0.8
4295864274,35.11,CN,0.2
4295864276,51.10,CN,1.0
4295864289,35.11,CN,1.0
4295864297,05.10,CN,0.4807073954983923
4295864297,05.20,CN,0.01929260450160772
4295864297,24.10,CN,0.08333333333333333
4295864297,24.10,IN,0.08333333333333333
4295864297,35.11,RS,0.08333333333333333
4295864297,35.11,US,0.25
4295864310,23.51,CN,0.9601895734597157
4295864310,23.51,ID,0.039810426540284355
4295864370,20.59,CN,1.0
4295864381,05.10,CN,0.16666666666666666
4295864381,07.10,RU,0.09259259259259259
4295864381,07.10,SD,0.018518518518518517
4295864381,07.10,SE,0.07407407407407407
4295864381,07.10,SL,0.037037037037037035
4295864381,07.10,SZ,0.018518518518518517
4295864381,35.11,CN,0.5925925925925926
4295864455,05.10,CN,0.25
4295864455,20.59,CN,0.1
4295864455,35.11,CN,0.65
4295864471,05.10,US,0.5
4295864471,23.51,CN,0.5
4295864472,05.10,AU,0.045454545454545456
4295864472,05.10,CN,0.1818181818181818
4295864472,35.11,CN,0.7727272727272727
4295864477,35.11,CN,0.9722222222222222
4295864477,35.11,GH,0.027777777777777776
4295864488,35.11,CN,1.0
4295864515,05.10,CN,0.015748031496062992
4295864515,35.11,CN,0.9763779527559056
4295864515,52.22,CN,0.007874015748031496
4295864541,35.11,CN,1.0
4295864603,23.51,CN,1.0
4295864604,24.10,CN,0.3333333333333333
4295864604,35.11,CN,0.6666666666666666
4295864640,07.29,AU,0.3333333333333333
4295864640,07.29,CD,0.6666666666666666
4295864676,05.10,CN,0.45
4295864676,35.11,CN,0.55
4295864702,07.29,CN,1.0
4295864757,23.51,SN,0.010309278350515464
4295864757,35.11,RS,0.020618556701030927
4295864757,35.11,RU,0.38144329896907214
4295864757,35.11,SA,0.15463917525773196
4295864757,35.11,SE,0.041237113402061855
4295864757,35.11,SG,0.020618556701030927
4295864757,35.11,SK,0.07216494845360824
4295864757,35.11,SN,0.030927835051546393
4295864757,35.11,TG,0.030927835051546393
4295864757,35.11,TH,0.2268041237113402
4295864757,51.10,TO,0.010309278350515464
4295864761,05.10,CN,0.0035714285714285713
4295864761,35.11,CN,0.9928571428571429
4295864761,35.11,SG,0.0035714285714285713
4295864849,52.22,CN,1.0
4295864859,20.59,CN,0.4
4295864859,35.11,CN,0.6
4295864860,06.10,CA,0.009259259259259259
4295864860,06.10,CN,0.1388888888888889
4295864860,06.10,IQ,0.037037037037037035
4295864860,06.10,KZ,0.027777777777777776
4295864860,06.10,TD,0.027777777777777776
4295864860,06.10,TM,0.009259259259259259
4295864860,06.20,CN,0.24074074074074073
4295864860,06.20,IQ,0.009259259259259259
4295864860,19.20,CN,0.19444444444444442
4295864860,35.11,CN,0.29629629629629634
4295864860,35.11,KZ,0.009259259259259259
4295864892,52.22,CN,1.0
4295864974,05.10,CN,0.09090909090909091
4295864974,24.10,CN,0.2727272727272727
4295864974,35.11,CN,0.6363636363636364
4295865005,05.10,CN,0.03571428571428571
4295865005,35.11,CN,0.8457489607080596
4295865005,35.11,JP,0.00474147014310619
4295865005,35.11,PK,0.11379528343454856
4295865013,05.10,CN,0.5428571428571428
4295865013,20.59,CN,0.05714285714285714
4295865013,35.11,CN,0.39999999999999997
4295865029,05.10,CN,0.10526315789473684
4295865029,20.59,CN,0.05263157894736842
4295865029,35.11,CN,0.8421052631578948
4295865054,35.11,CN,1.0
4295865081,35.11,CN,1.0
4295865144,35.11,CN,1.0
4295865157,07.29,CD,1.0
4295865167,05.10,CN,1.0
4295865199,35.11,CN,0.8571428571428571
4295865199,35.11,IN,0.14285714285714285
4295865212,05.10,CN,0.017857142857142856
4295865212,35.11,CN,0.9821428571428571
4295865242,05.10,CN,1.0
4295865280,05.10,CN,0.16666666666666666
4295865280,35.11,CN,0.3333333333333333
4295865280,49.50,CN,0.5
4295865389,07.10,CN,0.05
4295865389,24.10,CN,0.9213543964933958
4295865389,24.10,RS,0.0286456035066043
4295865403,35.11,CN,1.0
4295865468,07.29,CD,0.06666666666666667
4295865468,07.29,CL,0.06666666666666667
4295865468,07.29,CN,0.5333333333333333
4295865468,07.29,DO,0.06666666666666667
4295865468,07.29,RS,0.13333333333333333
4295865468,07.29,SA,0.13333333333333333
4295865471,24.10,CN,1.0
4295865508,35.11,CN,1.0
4295865534,35.11,CN,1.0
4295865561,51.10,BE,0.014084507042253521
4295865561,51.10,CN,0.9859154929577465
4295865570,05.10,CN,1.0
4295865582,35.11,CN,1.0
4295865585,35.11,CN,1.0
4295865657,35.11,CN,0.9999999999999999
4295865669,07.29,CN,1.0
4295865752,35.11,CZ,0.8754191905234934
4295865752,35.11,PL,0.12458080947650667
4295866012,35.11,DK,0.5666666666666667
4295866012,35.11,KR,0.43333333333333335
4295866353,17.11,FI,0.25
4295866353,17.11,UY,0.5
4295866353,35.11,DE,0.25
4295866391,19.20,FI,1.0
4295866448,17.11,FI,0.14285714285714285
4295866448,35.11,BR,0.14285714285714285
4295866448,35.11,FI,0.5714285714285714
4295866448,35.11,UY,0.14285714285714285
4295866494,35.11,FI,0.5904412293960987
4295866494,35.11,PL,0.17922694882314832
4295866494,35.11,RU,0.2303318217807529
4295866806,06.20,DZ,0.003703703703703704
4295866806,35.11,AE,0.011111111111111112
4295866806,35.11,AU,0.015995858392263123
4295866806,35.11,BE,0.12308211985695297
4295866806,35.11,BF,0.0019626129334674703
4295866806,35.11,BH,0.007407407407407408
4295866806,35.11,BR,0.004441702954689538
4295866806,35.11,CA,0.021522163231237314
4295866806,35.11,CL,0.054421753721205175
4295866806,35.11,DE,0.016637415950085305
4295866806,35.11,EG,0.013583347407945912
4295866806,35.11,ES,0.005253134966967496
4295866806,35.11,FR,0.15276697092307429
4295866806,35.11,GB,0.12447097814885799
4295866806,35.11,ID,0.0043900552459140785
4295866806,35.11,IN,0.04116322389404142
4295866806,35.11,IT,0.039516127058259104
4295866806,35.11,MA,0.07158372436278722
4295866806,35.11,MN,0.0028406239826502862
4295866806,35.11,MX,0.044577700428602554
4295866806,35.11,NL,0.007407407407407408
4295866806,35.11,PE,0.008780110491828157
4295866806,35.11,PL,0.007127383811013445
4295866806,35.11,PT,0.09381402418875157
4295866806,35.11,SA,0.02006794978178231
4295866806,35.11,SG,0.003703703703703704
4295866806,35.11,SN,0.0036153396142821824
4295866806,35.11,US,0.06134940042150405
4295866806,35.11,ZA,0.015184426379985166
4295866806,49.50,CL,0.0011883541295306002
4295866806,49.50,FR,0.013626460685284215
4295867230,35.11,BJ,0.45454545454545453
4295867230,35.11,SN,0.5454545454545454
4295867366,35.11,CA,0.25
4295867366,35.11,FR,0.5
4295867366,35.11,NL,0.25
4295867473,05.10,HU,0.023255813953488372
4295867473,35.11,CZ,0.1161944262225702
4295867473,35.11,DE,0.028059335124955034
4295867473,35.11,HU,0.09302325581395349
4295867473,35.11,PL,0.2510950758617771
4295867473,35.11,RO,0.046511627906976744
4295867473,35.11,SK,0.046511627906976744
4295867473,37.00,BE,0.0953402645972755
4295867473,37.00,CZ,0.14289231116819062
4295867473,37.00,FR,0.15711626144383617
4295868961,23.51,BA,0.0019518312634188404
4295868961,23.51,BD,0.013467635717589996
4295868961,23.51,BE,0.019030354818333692
4295868961,23.51,BF,0.006733817858794998
4295868961,23.51,BG,0.012198945396367752
4295868961,23.51,BJ,0.0016590565739060144
4295868961,23.51,BN,0.0024397890792735503
4295868961,23.51,CA,0.02223135809034059
4295868961,23.51,CD,0.01361402306234641
4295868961,23.51,CZ,0.010735071948803621
4295868961,23.51,DE,0.07061049286044714
4295868961,23.51,EE,0.0036596836189103257
4295868961,23.51,EG,0.06743577015112093
4295868961,23.51,ES,0.020201453576384996
4295868961,23.51,FR,0.0708514748621039
4295868961,23.51,GB,0.04152521012923582
4295868961,23.51,GE,0.018786375910406335
4295868961,23.51,GH,0.021470143897607243
4295868961,23.51,GR,0.004879578158547101
4295868961,23.51,HU,0.019225537944675575
4295868961,23.51,ID,0.02142857142857143
4295868961,23.51,IN,0.06621587561148415
4295868961,23.51,IS,0.006733817858794998
4295868961,23.51,IT,0.0923704145412966
4295868961,23.51,KZ,0.017566481370769563
4295868961,23.51,LR,0.006733817858794998
4295868961,23.51,MA,0.02708165877993641
4295868961,23.51,NL,0.0097591563170942
4295868961,23.51,NO,0.009173606938068549
4295868961,23.51,PL,0.013467635717589996
4295868961,23.51,RO,0.025422602206030393
4295868961,23.51,RU,0.0243978907927355
4295868961,23.51,SE,0.015126692291496012
4295868961,23.51,SL,0.006733817858794998
4295868961,23.51,TG,0.012198945396367752
4295868961,23.51,TH,0.0378655265103255
4295868961,23.51,TR,0.03030218036457749
4295868961,23.51,TZ,0.015809833233692606
4295868961,23.51,US,0.10461815571924983
4295868961,35.11,ID,0.014285714285714287
4295868979,51.10,AT,0.02564102564102564
4295868979,51.10,DE,0.4358974358974359
4295868979,51.10,EE,0.02564102564102564
4295868979,51.10,ES,0.02564102564102564
4295868979,51.10,FI,0.05128205128205128
4295868979,51.10,FR,0.02564102564102564
4295868979,51.10,GQ,0.02564102564102564
4295868979,51.10,IT,0.05128205128205128
4295868979,51.10,JE,0.02564102564102564
4295868979,51.10,NO,0.05128205128205128
4295868979,51.10,PL,0.02564102564102564
4295868979,51.10,RO,0.05128205128205128
4295868979,51.10,SE,0.02564102564102564
4295868979,51.10,SI,0.02564102564102564
4295868979,51.10,US,0.10256410256410256
4295868979,51.10,ZA,0.02564102564102564
4295869049,05.10,DE,0.01941747572815534
4295869049,05.10,HU,0.01941747572815534
4295869049,05.10,RU,0.00970873786407767
4295869049,06.10,IQ,0.00970873786407767
4295869049,35.11,AU,0.016969019210832943
4295869049,35.11,DE,0.6952314138707666
4295869049,35.11,ES,0.004570452165668472
4295869049,35.11,FR,0.00486218315496646
4295869049,35.11,GB,0.12134446310210759
4295869049,35.11,NL,0.07257850255177792
4295869049,35.11,PL,0.016482800895336297
4295869049,35.11,TR,0.00970873786407767
4295869118,35.11,DE,1.0
4295869198,06.20,MX,0.049999999999999996
4295869198,06.20,NL,0.15
4295869198,06.20,NO,0.09999999999999999
4295869198,20.13,BE,0.19661957618567105
4295869198,20.13,ES,0.033602421796165495
4295869198,20.13,US,0.21977800201816347
4295869198,20.59,US,0.05
4295869198,35.11,CN,0.05
4295869198,35.11,DE,0.15000000000000002
4295869217,35.11,DE,1.0
4295869236,06.20,NG,1.0
4295869238,35.11,AM,0.125
4295869238,35.11,ID,0.5892857142857143
4295869238,35.11,IN,0.03571428571428571
4295869238,35.11,MA,0.125
4295869238,35.11,PK,0.125
4295869244,35.11,CZ,0.11627906976744184
4295869244,35.11,DE,0.8837209302325582
4295869260,35.11,DE,1.0
4295869482,35.11,ES,1.0
4295869694,35.11,DE,1.0
4295870463,24.10,GR,0.25
4295870463,35.11,GR,0.75
4295870585,35.11,GR,1.0
4295870792,35.11,CN,1.0
4295870876,35.11,AU,1.0
4295871038,35.11,GB,1.0
4295871154,06.10,KZ,0.06666666666666667
4295871154,35.11,CN,0.5333333333333333
4295871154,49.50,CN,0.4
4295871540,05.20,AU,0.07826086956521738
4295871540,35.11,AU,0.49578926752839797
4295871540,35.11,CN,0.08695652173913045
4295871540,35.11,IN,0.24334116725421073
4295871540,35.11,TW,0.04347826086956522
4295871540,52.22,CN,0.052173913043478265
4295871573,35.11,CN,1.0
4295871971,23.51,CN,1.0000000000000002
4295872011,05.10,CN,0.020833333333333336
4295872011,35.11,CN,0.9791666666666666
4295872013,35.11,CN,1.0
4295872095,20.13,HU,0.6666666666666666
4295872095,20.13,SK,0.3333333333333333
4295872413,23.51,IN,1.0
4295872420,07.10,IN,0.16216216216216217
4295872420,24.10,DE,0.02702702702702703
4295872420,24.10,FR,0.02702702702702703
4295872420,24.10,GB,0.13513513513513514
4295872420,24.10,IN,0.2702702702702703
4295872420,24.10,NL,0.02702702702702703
4295872420,24.10,SG,0.02702702702702703
4295872420,24.10,TH,0.08108108108108109
4295872420,24.10,US,0.02702702702702703
4295872420,24.20,BE,0.02702702702702703
4295872420,35.11,IN,0.1891891891891892
4295872425,35.11,IN,1.0
4295872490,19.20,IN,1.0
4295872504,35.11,IN,1.0
4295872565,05.10,AU,0.25
4295872565,05.10,IN,0.25
4295872565,05.20,ID,0.49999999999999994
4295872661,35.11,IN,0.75
4295872661,49.50,IN,0.25
4295872684,06.20,IN,0.8571428571428571
4295872684,35.11,IN,0.14285714285714285
4295872801,35.11,IN,1.0
4295872888,07.10,IN,0.20689655172413793
4295872888,24.10,GE,0.0006737748182362855
4295872888,24.10,IN,0.46431644137907346
4295872888,24.10,IT,0.034482758620689655
4295872888,24.10,US,0.01776840449234548
4295872888,35.11,IN,0.27586206896551724
4295872971,35.11,IN,1.0
4295872979,06.20,IN,0.2
4295872979,35.11,IN,0.8
4295872982,05.20,IN,0.4
4295872982,24.10,IN,0.6000000000000001
4295872983,05.10,ID,0.11764705882352944
4295872983,35.11,IN,0.8823529411764706
4295873202,35.11,IN,1.0
4295873304,23.51,IN,0.42857142857142855
4295873304,35.11,IN,0.5714285714285714
4295873450,35.11,IN,1.0
4295873625,05.10,IN,0.05128205128205129
4295873625,07.29,IN,0.12820512820512822
4295873625,24.10,IN,0.05128205128205129
4295873625,35.11,IN,0.7692307692307693
4295873910,49.50,IN,1.0
4295873970,23.51,AE,0.08695652173913045
4295873970,23.51,CN,0.02173913043478261
4295873970,23.51,IN,0.8695652173913044
4295873970,35.11,IN,0.021739130434782608
4295874015,23.51,AE,0.0625
4295874015,23.51,IN,0.6875
4295874015,35.11,IN,0.1875
4295874015,52.22,IN,0.0625
4295874065,05.10,IN,0.07692307692307691
4295874065,05.10,MZ,0.15384615384615383
4295874065,05.10,ZA,0.07692307692307691
4295874065,07.10,IN,0.07692307692307691
4295874065,24.10,IN,0.3506430478039311
4295874065,24.10,OM,0.033972336811453535
4295874065,35.11,IN,0.23076923076923075
4295874173,05.10,IN,0.017341040462427744
4295874173,35.11,BD,0.005780346820809248
4295874173,35.11,IN,0.976878612716763
4295874376,23.51,ID,0.8879056047197641
4295874376,23.51,VN,0.11209439528023599
4295874393,05.10,ID,1.0
4295874596,07.29,ID,0.6666666666666666
4295874596,35.11,ID,0.3333333333333333
4295874867,23.51,BE,0.034482758620689655
4295874867,23.51,BR,0.06896551724137931
4295874867,23.51,CA,0.034482758620689655
4295874867,23.51,CH,0.034482758620689655
4295874867,23.51,DE,0.05172413793103448
4295874867,23.51,ES,0.017241379310344827
4295874867,23.51,FI,0.05172413793103448
4295874867,23.51,FR,0.15517241379310345
4295874867,23.51,GB,0.06896551724137931
4295874867,23.51,HU,0.034482758620689655
4295874867,23.51,IE,0.034482758620689655
4295874867,23.51,IN,0.05172413793103448
4295874867,23.51,PL,0.034482758620689655
4295874867,23.51,RO,0.05172413793103448
4295874867,23.51,RS,0.017241379310344827
4295874867,23.51,SK,0.034482758620689655
4295874867,23.51,UA,0.05172413793103448
4295874867,23.51,US,0.1724137931034483
4295874981,17.11,AR,0.24103299856527974
4295874981,17.11,BR,0.5423242467718795
4295874981,17.11,CO,0.0
4295874981,17.11,MX,0.0
4295874981,17.11,VE,0.0
4295874981,17.12,AR,0.040172166427546625
4295874981,35.11,ES,0.058823529411764705
4295874981,35.11,FR,0.058823529411764705
4295874981,35.11,GB,0.058823529411764705
4295875035,35.11,IL,1.0
4295875633,06.10,CG,0.03773584905660377
4295875633,06.10,DZ,0.018867924528301886
4295875633,06.10,EG,0.07547169811320754
4295875633,06.10,GB,0.05660377358490566
4295875633,06.10,GH,0.018867924528301886
4295875633,06.10,ID,0.018867924528301886
4295875633,06.10,IQ,0.018867924528301886
4295875633,06.10,IT,0.05660377358490566
4295875633,06.10,KZ,0.03773584905660377
4295875633,06.10,LY,0.018867924528301886
4295875633,06.10,MX,0.018867924528301886
4295875633,06.10,NG,0.05660377358490566
4295875633,06.10,TL,0.018867924528301886
4295875633,06.10,TN,0.018867924528301886
4295875633,06.10,VE,0.018867924528301886
4295875633,19.20,IT,0.09433962264150943
4295875633,20.13,FR,0.018867924528301886
4295875633,20.13,IT,0.03773584905660377
4295875633,35.11,DZ,0.005700279313686371
4295875633,35.11,FR,0.04987744399475575
4295875633,35.11,IQ,0.018867924528301886
4295875633,35.11,IT,0.2274411446160862
4295875633,35.11,KZ,0.018867924528301886
4295875633,35.11,NG,0.03773584905660377
4295875798,35.11,ES,0.01818181818181818
4295875798,35.11,FR,0.004381482891511545
4295875798,35.11,IT,0.9373327722897924
4295875798,35.11,RO,0.003740290273241563
4295875798,35.11,SK,0.03636363636363636
4295876019,35.11,JP,1.0
4295876581,35.11,IN,0.4524539877300614
4295876581,35.11,JP,0.5475460122699387
4295876913,35.11,JP,1.0
4295877094,49.50,US,1.0
4295877302,35.11,SG,1.0
4295877311,35.11,JP,1.0
4295877313,05.10,AU,0.05454545454545454
4295877313,24.10,BR,0.01818181818181818
4295877313,24.10,FI,0.01818181818181818
4295877313,24.10,ID,0.01818181818181818
4295877313,24.10,IN,0.01818181818181818
4295877313,24.10,JP,0.39999999999999997
4295877313,24.10,MY,0.01818181818181818
4295877313,24.10,SE,0.07272727272727272
4295877313,24.10,TH,0.05454545454545454
4295877313,24.10,US,0.03636363636363636
4295877313,24.20,ID,0.01818181818181818
4295877313,24.20,JP,0.03636363636363636
4295877313,24.20,SE,0.01818181818181818
4295877313,24.20,US,0.01818181818181818
4295877313,24.20,VN,0.01818181818181818
4295877313,35.11,IN,0.01818181818181818
4295877313,35.11,JP,0.16363636363636364
4295877325,35.11,JP,1.0
4295877330,35.11,JP,1.0
4295877339,35.11,JP,1.0
4295877349,35.11,ID,1.0
4295877421,20.59,JP,0.5
4295877421,35.11,JP,0.5
4295877423,17.11,BR,1.0
4295877443,35.11,JP,1.0
4295877797,35.11,US,1.0
4295878438,35.11,JP,1.0
4295880393,06.10,AU,0.19999999999999998
4295880393,06.10,JP,0.09999999999999999
4295880393,06.10,MY,0.09999999999999999
4295880393,06.10,TL,0.09999999999999999
4295880393,35.11,AE,0.09999999999999999
4295880393,35.11,AU,0.09999999999999999
4295880393,49.50,AU,0.2427272727272727
4295880393,49.50,JP,0.057272727272727274
4295880403,35.11,JP,0.5
4295880403,49.50,JP,0.5
4295880409,05.10,AU,0.125
4295880409,19.20,JP,0.75
4295880409,19.20,VN,0.125
4295880504,35.11,JP,0.8085106382978724
4295880504,35.11,MX,0.02127659574468085
4295880504,35.11,NL,0.06382978723404255
4295880504,49.50,JP,0.10638297872340424
4295880516,05.10,AU,0.21428571428571427
4295880516,17.11,FI,0.07142857142857142
4295880516,35.11,FI,0.21428571428571427
4295880516,35.11,ID,0.07142857142857142
4295880516,35.11,JP,0.42857142857142855
4295880528,35.11,AU,0.03121929432782492
4295880528,35.11,JP,0.8187807056721751
4295880528,35.11,SG,0.049999999999999996
4295880528,49.50,JP,0.1
4295880542,35.11,JP,1.0
4295880543,05.10,AU,0.08695652173913045
4295880543,35.11,AE,0.04347826086956522
4295880543,35.11,ID,0.20611402199937542
4295880543,35.11,IT,0.04347826086956522
4295880543,35.11,JM,0.08695652173913045
4295880543,35.11,JP,0.1958777195600125
4295880543,35.11,OM,0.03279086713626427
4295880543,35.11,PH,0.04347826086956522
4295880543,35.11,PT,0.08695652173913045
4295880543,35.11,SG,0.04347826086956522
4295880543,35.11,TN,0.04347826086956522
4295880543,35.11,TW,0.04347826086956522
4295880543,35.11,VN,0.04347826086956522
4295880559,51.10,CN,0.018518518518518517
4295880559,51.10,JP,0.8888888888888888
4295880559,51.10,KR,0.018518518518518517
4295880559,51.10,TW,0.018518518518518517
4295880559,51.10,US,0.05555555555555555
4295880570,05.10,AU,0.3181818181818182
4295880570,06.10,ID,0.045454545454545456
4295880570,06.10,RU,0.045454545454545456
4295880570,23.51,US,0.045454545454545456
4295880570,35.11,JP,0.045454545454545456
4295880570,35.11,MX,0.09090909090909091
4295880570,35.11,NL,0.13636363636363635
4295880570,35.11,QA,0.045454545454545456
4295880570,35.11,TW,0.045454545454545456
4295880570,49.50,ID,0.04329004329004329
4295880570,49.50,JP,0.13852813852813853
4295880574,05.10,AU,0.08108108108108109
4295880574,05.10,CN,0.05405405405405406
4295880574,06.10,AU,0.05405405405405406
4295880574,06.10,IT,0.02702702702702703
4295880574,06.10,RU,0.02702702702702703
4295880574,24.10,TH,0.05405405405405406
4295880574,35.11,AU,0.05405405405405406
4295880574,35.11,BH,0.02702702702702703
4295880574,35.11,CA,0.05405405405405406
4295880574,35.11,CN,0.02702702702702703
4295880574,35.11,JO,0.02702702702702703
4295880574,35.11,JP,0.048916685280321656
4295880574,35.11,MA,0.02702702702702703
4295880574,35.11,MX,0.02702702702702703
4295880574,35.11,MY,0.02702702702702703
4295880574,35.11,OM,0.05405405405405406
4295880574,35.11,PL,0.03216439580075944
4295880574,35.11,TH,0.2702702702702703
4295880574,49.50,MX,0.02702702702702703
4295880578,35.11,JP,0.2857142857142857
4295880578,35.11,US,0.2857142857142857
4295880578,49.50,JP,0.4285714285714286
4295880644,35.11,JP,0.8888888888888888
4295880644,35.11,MX,0.037037037037037035
4295880644,35.11,TW,0.037037037037037035
4295880644,35.11,VN,0.037037037037037035
4295880698,20.13,US,1.0
4295880726,05.10,AU,0.1
4295880726,24.10,JP,0.9
4295881064,24.10,KR,1.0
4295881087,35.11,CN,1.0
4295881132,05.10,ID,1.0
4295881204,24.10,CN,0.1764705882352941
4295881204,24.10,ID,0.05882352941176471
4295881204,24.10,IN,0.058823529411764705
4295881204,24.10,KR,0.11764705882352941
4295881204,24.10,MM,0.058823529411764705
4295881204,24.10,MY,0.058823529411764705
4295881204,24.10,TH,0.058823529411764705
4295881204,24.10,TR,0.058823529411764705
4295881204,24.10,VN,0.11764705882352941
4295881204,24.20,MX,0.058823529411764705
4295881204,24.20,VN,0.058823529411764705
4295881204,35.11,KR,0.11764705882352942
4295881441,20.13,US,0.3333333333333333
4295881441,35.11,KR,0.6666666666666666
4295881548,24.10,KR,1.0
4295881588,35.11,AE,0.011363636363636364
4295881588,35.11,ID,0.022727272727272728
4295881588,35.11,JM,0.022727272727272728
4295881588,35.11,JO,0.022727272727272728
4295881588,35.11,KR,0.8739653593089333
4295881588,35.11,MX,0.011363636363636364
4295881588,35.11,US,0.011363636363636364
4295881588,35.11,VN,0.023761913418339525
4295882001,35.11,KR,0.8333333333333333
4295882001,49.50,KR,0.16666666666666666
4295882337,06.10,MM,0.3333333333333333
4295882337,24.10,CN,0.3333333333333333
4295882337,49.50,KR,0.3333333333333333
4295882718,35.11,JP,1.0
4295883130,35.11,MY,1.0
4295883475,23.51,MY,1.0
4295884321,05.20,MX,1.0
4295884360,17.11,MX,0.9999999999999999
4295884692,35.11,NL,1.0
4295884730,35.11,NL,1.0
4295885039,06.10,AU,0.037037037037037035
4295885039,06.10,BO,0.006172839506172839
4295885039,06.10,BR,0.030864197530864196
4295885039,06.10,CA,0.012345679012345678
4295885039,06.10,DE,0.012345679012345678
4295885039,06.10,EG,0.006172839506172839
4295885039,06.10,GB,0.018518518518518517
4295885039,06.10,IT,0.018518518518518517
4295885039,06.10,KZ,0.012345679012345678
4295885039,06.10,MY,0.018518518518518517
4295885039,06.10,NG,0.043209876543209874
4295885039,06.10,NL,0.006172839506172839
4295885039,06.10,NO,0.006172839506172839
4295885039,06.10,OM,0.037037037037037035
4295885039,06.10,RU,0.006172839506172839
4295885039,06.10,TN,0.012345679012345678
4295885039,06.10,TT,0.006172839506172839
4295885039,06.10,US,0.06172839506172839
4295885039,06.20,AU,0.1111111111111111
4295885039,06.20,BR,0.024691358024691357
4295885039,06.20,EG,0.012345679012345678
4295885039,06.20,GB,0.012345679012345678
4295885039,06.20,IN,0.006172839506172839
4295885039,06.20,MY,0.018518518518518517
4295885039,06.20,NG,0.043209876543209874
4295885039,06.20,NL,0.06790123456790123
4295885039,06.20,NO,0.006172839506172839
4295885039,06.20,QA,0.006172839506172839
4295885039,06.20,TT,0.012345679012345678
4295885039,06.20,US,0.10493827160493827
4295885039,19.20,CA,0.012345679012345678
4295885039,19.20,DE,0.012345679012345678
4295885039,19.20,PH,0.006172839506172839
4295885039,19.20,SG,0.006172839506172839
4295885039,19.20,US,0.012345679012345678
4295885039,19.20,ZA,0.006172839506172839
4295885039,20.13,DE,0.018518518518518517
4295885039,20.13,US,0.030864197530864196
4295885039,35.11,AU,0.024691358024691357
4295885039,35.11,DE,0.006172839506172839
4295885039,35.11,IT,0.012345679012345678
4295885039,35.11,KZ,0.006172839506172839
4295885039,35.11,NG,0.012345679012345678
4295885039,35.11,NL,0.012345679012345678
4295885039,49.50,AU,0.013595091417402703
4295885039,49.50,GI,0.00017318587792869688
4295885039,49.50,IN,0.008659293896434843
4295885039,49.50,TT,0.020782305351443625
4295885383,20.11,BE,0.06299212598425197
4295885383,20.11,CA,0.11023622047244094
4295885383,20.11,DE,0.12598425196850394
4295885383,20.11,FR,0.06299212598425197
4295885383,20.11,GB,0.047244094488188976
4295885383,20.11,IT,0.09448818897637795
4295885383,20.11,NL,0.2992125984251969
4295885383,20.11,NO,0.07874015748031496
4295885383,20.11,US,0.11811023622047244
4295885456,07.29,BR,1.0
4295885689,06.20,BR,0.03333333333333333
4295885689,06.20,GB,0.03333333333333333
4295885689,06.20,NO,0.7666666666666666
4295885689,20.59,NO,0.03333333333333333
4295885689,35.11,GB,0.054693877551020405
4295885689,35.11,NO,0.07863945578231292
4295886067,07.29,PE,1.0
4295886118,35.11,PH,1.0
4295886209,23.51,PH,1.0
4295886268,35.11,PH,1.0
4295886468,07.29,CA,0.25
4295886468,07.29,CL,0.125
4295886468,07.29,PG,0.25
4295886468,07.29,PL,0.125
4295886468,07.29,US,0.25
4295886615,06.10,NO,0.5
4295886615,19.20,LT,0.125
4295886615,19.20,PL,0.125
4295886615,35.11,PL,0.25
4295886834,35.11,ES,0.4
4295886834,35.11,PT,0.6000000000000001
4295886908,06.20,BR,1.0
4295886931,35.11,JO,0.1111111111111111
4295886931,35.11,QA,0.7777777777777777
4295886931,35.11,TN,0.1111111111111111
4295886945,24.10,DZ,0.3333333333333333
4295886945,24.10,QA,0.3333333333333333
4295886945,24.10,SA,0.3333333333333333
4295887293,24.10,SA,1.0
4295887339,35.11,SA,1.0
4295887677,35.11,AU,1.0
4295887839,05.20,ID,1.0
4295887849,35.11,SG,1.0
4295887850,51.10,AE,0.1
4295887850,51.10,AU,0.5
4295887850,51.10,IN,0.1
4295887850,51.10,KH,0.1
4295887850,51.10,NZ,0.1
4295887850,51.10,SG,0.1
4295888496,05.10,ZA,0.6000000000000001
4295888496,07.29,ZA,0.4
4295888607,05.10,ZA,0.8
4295888607,35.11,ZA,0.2
4295888630,52.22,ZA,1.0
4295889088,35.11,ZA,1.0
4295889091,07.29,ZA,0.3333333333333333
4295889091,07.29,ZM,0.3333333333333333
4295889091,07.29,ZW,0.3333333333333333
4295889096,05.10,ZA,0.5
4295889096,06.10,MZ,0.08333333333333333
4295889096,06.20,MZ,0.16666666666666666
4295889096,19.20,ZA,0.08333333333333333
4295889096,20.13,US,0.08333333333333333
4295889096,35.11,IT,0.08333333333333333
4295889097,07.29,PE,0.5
4295889097,35.11,ZA,0.5
4295889287,35.11,ES,0.9717197091367881
4295889287,35.11,FR,0.0008830305892392479
4295889287,35.11,MA,0.0136986301369863
4295889287,35.11,PT,0.0136986301369863
4295889303,35.11,CA,0.06369426751592358
4295889303,35.11,CL,0.21466023858957667
4295889303,35.11,ES,0.16317697153112573
4295889303,35.11,GR,0.004926628426646022
4295889303,35.11,IN,0.05736003096737868
4295889303,35.11,IT,0.02991167259035085
4295889303,35.11,PL,0.04715487208361192
4295889303,35.11,PT,0.028152162437977267
4295889303,35.11,UA,0.01196466903614034
4295889303,35.11,US,0.3459196959566457
4295889303,35.11,ZA,0.03307879086462329
4295889547,35.11,ES,1.0
4295889554,35.11,DO,0.125
4295889554,35.11,ES,0.5625
4295889554,35.11,MX,0.25
4295889554,49.50,US,0.0625
4295889563,06.10,BO,0.03921568627450981
4295889563,06.10,BR,0.019607843137254905
4295889563,06.10,ID,0.03921568627450981
4295889563,06.10,LY,0.019607843137254905
4295889563,06.10,PE,0.05882352941176472
4295889563,06.10,TT,0.05882352941176472
4295889563,06.10,VE,0.019607843137254905
4295889563,06.20,BO,0.0196078431372549
4295889563,06.20,DZ,0.0196078431372549
4295889563,06.20,EC,0.0392156862745098
4295889563,06.20,EG,0.0196078431372549
4295889563,06.20,GB,0.0392156862745098
4295889563,06.20,LY,0.058823529411764705
4295889563,06.20,PE,0.0196078431372549
4295889563,19.20,ES,0.09803921568627452
4295889563,19.20,PE,0.019607843137254905
4295889563,19.20,RO,0.019607843137254905
4295889563,20.13,PT,0.0196078431372549
4295889563,35.11,CL,0.01243708583532521
4295889563,35.11,ES,0.34050409063526305
4295889563,49.50,CA,0.0196078431372549
4295889602,35.11,AU,0.028019909804878486
4295889602,35.11,CY,0.0010167285741398476
4295889602,35.11,ES,0.8439287747742862
4295889602,35.11,FR,0.0008642192880188703
4295889602,35.11,GR,0.0017081040045549439
4295889602,35.11,HN,0.005185315728113223
4295889602,35.11,MX,0.07477473813590724
4295889602,35.11,PL,0.00406691429655939
4295889602,35.11,PT,0.012576932462109915
4295889602,35.11,RO,0.02785836293143182
4295889991,35.11,SE,1.0
4295890003,35.11,SE,1.0
4295890065,24.10,SE,1.0
4295890178,07.29,ES,0.6666666666666666
4295890178,07.29,SE,0.3333333333333333
4295890620,05.10,IN,0.0051813471502590676
4295890620,23.51,AE,0.019214090566886582
4295890620,23.51,AR,0.03193534624802097
4295890620,23.51,AT,0.008284974831593296
4295890620,23.51,AZ,0.007550491247232189
4295890620,23.51,BD,0.014719051030596602
4295890620,23.51,BE,0.007550491247232189
4295890620,23.51,BG,0.004994488373655534
4295890620,23.51,BJ,0.0017627606024666592
4295890620,23.51,BR,0.052677162670378655
4295890620,23.51,CA,0.021053237462126798
4295890620,23.51,CH,0.01116415048228884
4295890620,23.51,CI,0.0073448358436110795
4295890620,23.51,CM,0.014719051030596602
4295890620,23.51,CN,0.0098127006870644
4295890620,23.51,CO,0.0051813471502590676
4295890620,23.51,CR,0.0035255212049333184
4295890620,23.51,CY,0.0013220704518499943
4295890620,23.51,CZ,0.0035255212049333184
4295890620,23.51,DE,0.03792873229640761
4295890620,23.51,DZ,0.03349245144686652
4295890620,23.51,EC,0.0098127006870644
4295890620,23.51,EG,0.031142103976910973
4295890620,23.51,ES,0.03278734720587986
4295890620,23.51,FR,0.06654421274311638
4295890620,23.51,GB,0.0042306254459199815
4295890620,23.51,GN,0.0008813803012333296
4295890620,23.51,GP,0.0049063503435322
4295890620,23.51,GR,0.020859333795855466
4295890620,23.51,HR,0.002937934337444432
4295890620,23.51,HU,0.002937934337444432
4295890620,23.51,IN,0.1447226454625127
4295890620,23.51,IQ,0.014983465120966603
4295890620,23.51,IT,0.0049063503435322
4295890620,23.51,JO,0.005875868674888864
4295890620,23.51,KE,0.00946014856657107
4295890620,23.51,LB,0.0025266235302022115
4295890620,23.51,MA,0.042864461983314256
4295890620,23.51,MD,0.006904145692994415
4295890620,23.51,MG,0.0049063503435322
4295890620,23.51,MQ,0.0049063503435322
4295890620,23.51,MW,0.0049063503435322
4295890620,23.51,MX,0.033991900284232074
4295890620,23.51,NG,0.022563335711573235
4295890620,23.51,NI,0.0011751737349777727
4295890620,23.51,PH,0.019654780717503248
4295890620,23.51,PL,0.012163048157019948
4295890620,23.51,QA,0.0049063503435322
4295890620,23.51,RE,0.0049063503435322
4295890620,23.51,RO,0.01586484542219993
4295890620,23.51,RS,0.002937934337444432
4295890620,23.51,RU,0.0237972681332999
4295890620,23.51,SI,0.0049063503435322
4295890620,23.51,SV,0.009900838717187735
4295890620,23.51,UG,0.009019458415954404
4295890620,23.51,US,0.08338445236534786
4295890620,23.51,ZA,0.018215192892155476
4295890620,23.51,ZM,0.0043481428194177595
4295890620,23.51,ZW,0.0013220704518499943
4295890743,35.11,BG,0.801980198019802
4295890743,35.11,ZA,0.19801980198019803
4295891026,23.51,CN,0.6193088956339016
4295891026,23.51,KR,0.23261213583417645
4295891026,23.51,TH,0.05555555555555555
4295891026,23.51,TW,0.036967857420810955
4295891026,35.11,TW,0.05555555555555555
4295891726,51.10,CN,0.08333333333333333
4295891726,51.10,JP,0.3333333333333333
4295891726,51.10,MY,0.08333333333333333
4295891726,51.10,PW,0.08333333333333333
4295891726,51.10,TW,0.25
4295891726,51.10,US,0.16666666666666666
4295891905,35.11,TW,1.0
4295892087,20.13,US,0.03225806451612903
4295892087,24.10,VN,0.03225806451612903
4295892087,35.11,PH,0.007310154386845738
4295892087,35.11,TW,0.8016518137316431
4295892087,35.11,VN,0.12652190284925316
4295892089,23.51,CN,0.7675529705027004
4295892089,23.51,TW,0.06578036283063288
4295892089,35.11,TW,0.16666666666666666
4295892112,51.10,TW,1.0
4295892116,24.10,TW,0.7916666666666667
4295892116,24.20,VN,0.20833333333333334
4295892746,05.10,AU,0.8
4295892746,05.10,CN,0.2
4295892800,23.51,ID,0.08333333333333334
4295892800,23.51,KH,0.08333333333333334
4295892800,23.51,LA,0.08333333333333334
4295892800,23.51,MM,0.08333333333333334
4295892800,23.51,TH,0.33333333333333337
4295892800,23.51,VN,0.16666666666666669
4295892800,24.10,TH,0.16666666666666666
4295892855,05.10,ID,0.14285714285714285
4295892855,35.11,TH,0.8571428571428571
4295893306,35.11,TH,1.0
4295893366,35.11,AU,0.30000000000000004
4295893366,35.11,ID,0.1
4295893366,35.11,TH,0.6000000000000001
4295893524,24.10,TR,1.0
4295893598,35.11,TR,1.0
4295893621,05.10,TR,0.2
4295893621,35.11,TR,0.8
4295893642,35.11,TR,1.0
4295894191,35.11,GB,0.7000000000000001
4295894191,35.11,IE,0.30000000000000004
4295894341,35.11,GB,1.0
4295894468,49.50,GB,1.0
4295894725,06.20,NO,0.16666666666666666
4295894725,35.11,GB,0.5
4295894725,35.11,IE,0.3333333333333333
4295894740,06.10,AR,0.03225806451612903
4295894740,06.10,AU,0.021505376344086023
4295894740,06.10,AZ,0.021505376344086023
4295894740,06.10,BO,0.010752688172043012
4295894740,06.10,DZ,0.010752688172043012
4295894740,06.10,EG,0.03225806451612903
4295894740,06.10,GB,0.010752688172043012
4295894740,06.10,IN,0.010752688172043012
4295894740,06.10,OM,0.021505376344086023
4295894740,06.10,TT,0.03225806451612903
4295894740,06.10,US,0.05376344086021506
4295894740,06.20,AO,0.021505376344086023
4295894740,06.20,AU,0.010752688172043012
4295894740,06.20,AZ,0.010752688172043012
4295894740,06.20,DZ,0.010752688172043012
4295894740,06.20,EG,0.07526881720430108
4295894740,06.20,GB,0.043010752688172046
4295894740,06.20,ID,0.010752688172043012
4295894740,06.20,IQ,0.010752688172043012
4295894740,06.20,RU,0.010752688172043012
4295894740,06.20,US,0.2688172043010753
4295894740,19.20,AR,0.010752688172043012
4295894740,19.20,AU,0.021505376344086023
4295894740,19.20,DE,0.021505376344086023
4295894740,19.20,ES,0.010752688172043012
4295894740,19.20,US,0.021505376344086023
4295894740,35.11,AR,0.021505376344086023
4295894740,35.11,BR,0.010752688172043012
4295894740,35.11,DE,0.010752688172043012
4295894740,35.11,ES,0.021505376344086023
4295894740,35.11,GB,0.010752688172043012
4295894740,35.11,NL,0.001016002032004064
4295894740,35.11,US,0.07425281517229701
4295894740,49.50,ID,0.03225806451612903
4295894786,07.10,AU,0.39583333333333337
4295894786,07.10,CA,0.04166666666666667
4295894786,07.10,MG,0.020833333333333336
4295894786,07.10,ZA,0.020833333333333336
4295894786,07.29,MN,0.020833333333333336
4295894786,07.29,US,0.04166666666666667
4295894786,24.10,AU,0.020833333333333336
4295894786,24.10,CA,0.041666666666666664
4295894786,24.10,OM,0.020833333333333336
4295894786,35.11,AU,0.1335090877914952
4295894786,35.11,CA,0.21583504801097395
4295894786,35.11,GB,0.004822530864197531
4295894786,35.11,US,0.020833333333333336
4295895179,35.11,GB,1.0
4295896494,05.10,AU,0.23375417749721497
4295896494,05.10,ZA,0.17712588191607873
4295896494,05.20,ZA,0.08911994058670628
4295896494,07.10,BR,0.09999999999999999
4295896494,07.10,ZA,0.09999999999999999
4295896494,07.29,BR,0.049999999999999996
4295896494,07.29,CL,0.15
4295896494,07.29,PE,0.049999999999999996
4295896494,07.29,ZM,0.049999999999999996
4295898060,07.29,CL,1.0
4295899696,20.59,US,1.0
4295900037,20.13,US,0.6666666666666666
4295900037,35.11,US,0.3333333333333333
4295900990,35.11,IE,0.06589147286821705
4295900990,35.11,NO,0.4612403100775194
4295900990,35.11,SE,0.19638242894056845
4295900990,35.11,US,0.2764857881136951
4295902706,35.11,PH,0.16666666666666666
4295902706,49.50,US,0.8333333333333335
4295903051,06.10,AU,0.1212121212121212
4295903051,06.10,CA,0.0303030303030303
4295903051,06.10,CN,0.0303030303030303
4295903051,06.10,LY,0.0606060606060606
4295903051,06.10,MY,0.0909090909090909
4295903051,06.10,NO,0.0909090909090909
4295903051,06.10,US,0.0909090909090909
4295903051,06.20,GB,0.0303030303030303
4295903051,06.20,US,0.4242424242424242
4295903051,19.20,US,0.0303030303030303
4295903098,35.11,US,1.0
4295903128,35.11,AR,0.625
4295903128,35.11,CL,0.125
4295903128,35.11,US,0.25
4295903132,35.11,US,1.0
4295903177,17.11,FR,0.02631578947368421
4295903177,17.11,MX,0.0
4295903177,35.11,ES,0.05263157894736842
4295903177,35.11,US,0.6052631578947368
4295903216,35.11,CA,0.02127659574468085
4295903216,35.11,US,0.9787234042553192
4295903239,35.11,US,1.0
4295903247,35.11,US,1.0
4295903289,35.11,AR,0.07647887810109422
4295903289,35.11,BG,0.06601225737876824
4295903289,35.11,BR,0.12547010622347438
4295903289,35.11,CL,0.1587883496049567
4295903289,35.11,CO,0.011548243607633214
4295903289,35.11,DO,0.028747746922066414
4295903289,35.11,IT,0.003355232940055596
4295903289,35.11,JO,0.007936507936507936
4295903289,35.11,MX,0.007936507936507936
4295903289,35.11,PA,0.012228084952858117
4295903289,35.11,PR,0.0015605734604909748
4295903289,35.11,US,0.4031819563851458
4295903289,35.11,VN,0.09675555455044044
4295903309,07.10,AU,1.0
4295903332,35.11,US,1.0
4295903333,05.20,US,0.03225806451612903
4295903333,35.11,US,0.967741935483871
4295903355,06.10,GY,0.5
4295903355,06.10,US,0.5
4295903461,20.11,GB,0.2222222222222222
4295903461,20.59,CA,0.22222222222222224
4295903461,20.59,US,0.5555555555555556
4295903463,35.11,US,1.0
4295903636,35.11,US,1.0
4295903744,06.10,AO,0.015873015873015872
4295903744,06.10,AU,0.03968253968253968
4295903744,06.10,BD,0.015873015873015872
4295903744,06.10,CA,0.03968253968253968
4295903744,06.10,CG,0.015873015873015872
4295903744,06.10,GB,0.007936507936507936
4295903744,06.10,GQ,0.015873015873015872
4295903744,06.10,IL,0.015873015873015872
4295903744,06.10,KW,0.007936507936507936
4295903744,06.10,KZ,0.015873015873015872
4295903744,06.10,MM,0.007936507936507936
4295903744,06.10,NG,0.007936507936507936
4295903744,06.10,SA,0.007936507936507936
4295903744,06.10,TH,0.007936507936507936
4295903744,06.10,US,0.031746031746031744
4295903744,06.20,AO,0.06349206349206349
4295903744,06.20,AU,0.007936507936507936
4295903744,06.20,CN,0.007936507936507936
4295903744,06.20,ID,0.007936507936507936
4295903744,06.20,IL,0.007936507936507936
4295903744,06.20,IQ,0.007936507936507936
4295903744,06.20,NG,0.15873015873015872
4295903744,06.20,US,0.3571428571428571
4295903744,19.20,KR,0.007936507936507936
4295903744,19.20,US,0.03968253968253968
4295903744,35.11,FR,0.007936507936507936
4295903744,35.11,KZ,0.007936507936507936
4295903744,35.11,US,0.015873015873015872
4295903744,49.50,AO,0.008337341670675003
4295903744,49.50,AU,0.03928170594837262
4295903753,05.10,US,0.13243243243243244
4295903753,05.20,US,0.05675675675675676
4295903753,07.10,US,0.1891891891891892
4295903753,24.10,US,0.5136113931949152
4295903753,24.20,US,0.05395617437265242
4295903753,35.11,US,0.05405405405405406
4295903853,19.20,US,0.005076142131979695
4295903853,51.10,BS,0.015228426395939085
4295903853,51.10,BZ,0.005076142131979695
4295903853,51.10,CA,0.005076142131979695
4295903853,51.10,DO,0.005076142131979695
4295903853,51.10,JM,0.005076142131979695
4295903853,51.10,MX,0.01015228426395939
4295903853,51.10,NG,0.005076142131979695
4295903853,51.10,SX,0.005076142131979695
4295903853,51.10,TC,0.005076142131979695
4295903853,51.10,US,0.9238578680203045
4295903853,51.10,VI,0.01015228426395939
4295903858,05.10,AU,0.11538461538461539
4295903858,35.11,US,0.8846153846153846
4295903892,20.13,US,1.0
4295903896,35.11,US,1.0
4295903910,06.20,IT,0.05263157894736842
4295903910,35.11,GR,0.10526315789473684
4295903910,35.11,IT,0.8421052631578947
4295903931,35.11,US,1.0
4295903940,06.10,US,1.0
4295903955,35.11,CA,0.018747486279953814
4295903955,35.11,ES,0.003237022717542198
4295903955,35.11,US,0.978015491002504
4295903957,35.11,ES,1.0
4295904369,17.11,BR,0.0
4295904369,17.11,EC,0.0
4295904478,23.51,US,1.0
4295904618,07.29,AU,0.25
4295904618,07.29,PE,0.25
4295904618,07.29,US,0.25
4295904618,35.11,ID,0.25
4295904619,52.22,US,0.9999999999999999
4295904627,35.11,US,1.0
4295904636,24.10,IT,0.023912003825920607
4295904636,24.10,TT,0.040272848548918924
4295904636,24.10,US,0.9119031437992398
4295904636,24.20,IT,0.02391200382592061
4295904645,06.10,DZ,0.4
4295904645,06.10,OM,0.2
4295904645,06.10,US,0.2
4295904645,20.13,US,0.2
4295904901,35.11,MX,0.5
4295904901,35.11,US,0.5
4295904946,51.10,MX,0.023529411764705882
4295904946,51.10,US,0.9764705882352941
4295904951,07.29,MX,0.8
4295904951,07.29,PE,0.2
4295905140,06.10,GQ,0.05
4295905140,06.10,US,0.05
4295905140,06.20,US,0.85
4295905140,49.50,GQ,0.05
4295905141,10.11,US,1.0
4295905198,19.20,US,0.8
4295905198,35.11,GB,0.06666666666666667
4295905198,35.11,US,0.13333333333333333
4295905346,35.11,US,1.0
4295905573,35.11,US,1.0
4295908010,24.10,US,0.910234569519067
4295908010,24.20,US,0.08976543048093302
4295908552,05.10,US,0.05
4295908552,24.10,US,0.1
4295908552,35.11,US,0.7999999999999999
4295908552,49.50,US,0.05
4295908588,07.29,CL,0.0625
4295908588,07.29,FI,0.0625
4295908588,07.29,ID,0.25
4295908588,07.29,PE,0.0625
4295908588,07.29,TZ,0.0625
4295908588,07.29,US,0.4375
4295908588,35.11,PE,0.0625
4295910005,35.11,AU,0.03737632832539392
4295910005,35.11,CA,0.014657383657017223
4295910005,35.11,IN,0.023818248442652987
4295910005,35.11,JO,0.01942103334554782
4295910005,35.11,JP,0.021986075485525832
4295910005,35.11,US,0.8827409307438623
4295911971,35.11,US,1.0
4295911995,35.11,US,1.0
4295912097,06.10,US,0.1111111111111111
4295912097,06.20,US,0.8888888888888888
4295912113,06.10,US,0.08163265306122448
4295912113,06.20,TT,0.020408163265306124
4295912113,06.20,US,0.8979591836734695
4295912121,05.10,IR,0.00023978397308517117
4295912121,05.10,PL,0.039172708403014136
4295912121,05.20,ID,0.03311416668306214
4295912121,05.20,MN,0.05011485037480079
4295912121,06.20,US,0.05660377358490566
4295912121,19.20,US,0.04716981132075471
4295912121,20.13,CA,0.00905294601761819
4295912121,20.13,FR,0.007315511933428841
4295912121,20.13,GB,0.007315511933428841
4295912121,20.13,US,0.03291980370042979
4295912121,35.11,AE,0.015116327007379516
4295912121,35.11,AU,0.009433962264150943
4295912121,35.11,BE,0.003023265401475903
4295912121,35.11,DE,0.013364207286069617
4295912121,35.11,DK,0.005139551182509036
4295912121,35.11,ES,0.024307053827866264
4295912121,35.11,FR,0.05913507125286867
4295912121,35.11,GB,0.01865492173865245
4295912121,35.11,HU,0.006197694073025601
4295912121,35.11,IQ,0.05660377358490566
4295912121,35.11,IR,0.05660377358490566
4295912121,35.11,IT,0.04151493080844865
4295912121,35.11,JP,0.018867924528301886
4295912121,35.11,KR,0.04716981132075471
4295912121,35.11,KW,0.009433962264150943
4295912121,35.11,KZ,0.03773584905660377
4295912121,35.11,LB,0.018867924528301886
4295912121,35.11,LY,0.009433962264150943
4295912121,35.11,MX,0.03773584905660377
4295912121,35.11,NZ,0.018867924528301886
4295912121,35.11,OM,0.02830188679245283
4295912121,35.11,PA,0.009433962264150943
4295912121,35.11,PH,0.0498838791243524
4295912121,35.11,PK,0.08490566037735849
4295912121,35.11,RO,0.014511673927084336
4295912121,35.11,RU,0.003779081751844879
4295912121,35.11,SG,0.009433962264150943
4295912121,35.11,SY,0.006348857343099397
4295912121,35.11,UA,0.0031744286715496986
4295912211,35.11,AU,0.030303030303030304
4295912211,35.11,US,0.9696969696969696
4295912225,35.11,US,1.0
4295912229,17.11,US,0.5
4295912229,35.11,US,0.5
4295912256,35.11,US,1.0
4295912846,49.50,US,0.9999999999999999
4296109900,35.11,AU,0.04609429978888107
4296109900,35.11,NZ,0.9539057002111189
4296608799,35.11,NZ,1.0
4296730041,35.11,DK,1.0
4296750143,35.11,ES,0.7958477508650519
4296750143,35.11,FR,0.20415224913494812
4297320527,07.10,BR,0.42857142857142855
4297320527,23.51,BR,0.027072591462289113
4297320527,24.10,BR,0.5049776651120436
4297320527,24.10,DE,0.027072591462289113
4297320527,24.20,PT,0.012305723391949595
4297649143,51.10,CN,1.0
4297662047,35.11,CN,0.4722921914357683
4297662047,35.11,CO,0.4374475230898405
4297662047,35.11,IT,0.09026028547439127
4297710943,35.11,CN,1.0
4297767900,35.11,IN,1.0
4297906412,35.11,IN,1.0
4298007700,35.11,GR,0.8102815177478581
4298007700,35.11,US,0.189718482252142
4298016482,07.29,ZA,1.0
4298052285,05.10,AU,0.125
4298052285,05.10,ID,0.875
4298077124,35.11,TH,1.0
4298151148,35.11,ID,1.0
4298240427,05.10,PL,0.1111111111111111
4298240427,35.11,PL,0.8888888888888888
4298459348,19.20,KR,0.045454545454545456
4298459348,20.13,GB,0.13636363636363635
4298459348,20.13,NL,0.18181818181818182
4298459348,20.13,US,0.045454545454545456
4298459348,24.10,SA,0.045454545454545456
4298459348,35.11,ES,0.045454545454545456
4298459348,35.11,SA,0.5
4298464085,52.22,US,1.0
4298544912,23.51,CN,1.0
4298546138,35.11,PL,1.0
5000000025,05.10,IN,0.07716947287253169
5000000025,05.20,IN,0.9218075227454794
5000000025,05.20,ZM,0.0010230043819888836
5000000997,05.10,AU,0.04545454545454545
5000000997,24.10,TH,0.0909090909090909
5000000997,24.20,KH,0.045454545454545456
5000000997,35.11,AE,0.04545454545454545
5000000997,35.11,BH,0.04545454545454545
5000000997,35.11,ID,0.6360346529224695
5000000997,35.11,JP,0.07478890229191797
5000000997,35.11,MG,0.016449172058339727
5000002354,35.11,KR,0.4
5000002354,35.11,MX,0.2
5000002354,35.11,SA,0.2
5000002354,35.11,TR,0.2
5000004542,24.10,AR,0.024999999999999998
5000004542,24.10,BR,0.39999999999999997
5000004542,24.10,CA,0.075
5000004542,24.10,CO,0.09999999999999999
5000004542,24.10,GT,0.024999999999999998
5000004542,24.10,MX,0.075
5000004542,24.10,PE,0.024999999999999998
5000004542,24.10,US,0.24999999999999997
5000004542,35.11,BR,0.025
5000007778,06.10,US,0.1111111111111111
5000007778,06.20,US,0.8888888888888888
5000013139,06.20,NO,1.0
5000014265,05.10,CN,0.5
5000014265,35.11,CN,0.5
5000021791,35.11,CN,1.0
5000030092,05.10,KZ,0.058394160583941604
5000030092,07.10,BA,0.014598540145985401
5000030092,07.10,BO,0.0072992700729927005
5000030092,07.10,BR,0.014598540145985401
5000030092,07.10,CA,0.021897810218978103
5000030092,07.10,DZ,0.0072992700729927005
5000030092,07.10,IN,0.014598540145985401
5000030092,07.10,KZ,0.0364963503649635
5000030092,07.10,LR,0.014598540145985401
5000030092,07.10,MX,0.021897810218978103
5000030092,07.10,RO,0.014598540145985401
5000030092,07.10,RU,0.0072992700729927005
5000030092,07.10,UA,0.029197080291970802
5000030092,07.10,ZA,0.0072992700729927005
5000030092,24.10,AR,0.012645029611686467
5000030092,24.10,BA,0.009047314735071157
5000030092,24.10,BE,0.03293418357572792
5000030092,24.10,BR,0.07640861118906804
5000030092,24.10,CA,0.025900283878182065
5000030092,24.10,DE,0.04584621517958532
5000030092,24.10,ES,0.038130882841950035
5000030092,24.10,FR,0.0702574161392541
5000030092,24.10,IN,0.06803841739449365
5000030092,24.10,IT,0.04258519649871185
5000030092,24.10,KZ,0.033652094934326894
5000030092,24.10,LU,0.007831760275625167
5000030092,24.10,MA,0.0013052933792708614
5000030092,24.10,MK,0.0029369101033594374
5000030092,24.10,MX,0.02341680924214166
5000030092,24.10,PL,0.0314086219387051
5000030092,24.10,RO,0.008604563452263563
5000030092,24.10,UA,0.05740190797016021
5000030092,24.10,US,0.0032632334481771533
5000030092,24.10,VE,0.0029369101033594374
5000030092,24.10,ZA,0.012563448775482041
5000030092,24.20,BE,0.0093981123307502
5000030092,24.20,CR,0.0032632334481771533
5000030092,24.20,ES,0.0039158801378125834
5000030092,24.20,FR,0.020558370723516062
5000030092,24.20,ID,0.0006526466896354307
5000030092,24.20,LU,0.0008973891982487171
5000030092,24.20,MA,0.0010605508706575748
5000030092,24.20,MX,0.0027737484309505803
5000030092,35.11,BE,0.004709206498704968
5000030092,35.11,DE,0.0072992700729927005
5000030092,35.11,KZ,0.058394160583941604
5000030092,35.11,PL,0.009889333647280433
5000030891,20.59,CH,1.0
5000038533,05.10,CN,0.8407079646017699
5000038533,05.20,CN,0.01769911504424779
5000038533,24.10,CN,0.017699115044247787
5000038533,35.11,CN,0.12389380530973451
5000045221,20.13,US,1.0
5000049504,06.10,TL,0.25
5000049504,35.11,KR,0.75
5000055834,35.11,ES,0.6031746031746031
5000055834,35.11,KR,0.06349206349206349
5000055834,35.11,MX,0.3333333333333333
5000057902,23.51,AE,0.015016197800250103
5000057902,23.51,CO,0.07690262611144479
5000057902,23.51,CR,0.023878216174168194
5000057902,23.51,CZ,0.02683222229880756
5000057902,23.51,DE,0.032641767677264975
5000057902,23.51,DO,0.02560138641354116
5000057902,23.51,EG,0.04679145701428753
5000057902,23.51,ES,0.09329736010319327
5000057902,23.51,GB,0.03963291550557814
5000057902,23.51,GT,0.004923343541065607
5000057902,23.51,HR,0.023779749303346885
5000057902,23.51,JM,0.010142087694595152
5000057902,23.51,MX,0.2945636440619553
5000057902,23.51,NI,0.02092421004952883
5000057902,23.51,PA,0.020678042872475554
5000057902,23.51,PH,0.023041247772187044
5000057902,23.51,PL,0.04046988390755929
5000057902,23.51,PR,0.011717557627736146
5000057902,23.51,TH,0.015016197800250103
5000057902,23.51,TT,0.015016197800250103
5000057902,23.51,US,0.13913368847051408
5000065770,35.11,IN,1.0
5000073739,35.11,AU,0.1111111111111111
5000073739,35.11,CL,0.5555555555555556
5000073739,35.11,CO,0.2222222222222222
5000073739,35.11,NO,0.1111111111111111
5000074393,35.11,DE,1.0
5000100385,24.10,CN,0.6666666666666666
5000100385,35.11,ID,0.3333333333333333
5000260289,05.10,AU,0.18181818181818182
5000260289,07.29,AU,0.09090909090909091
5000260289,24.10,AU,0.09090909090909091
5000260289,24.10,BR,0.09090909090909091
5000260289,35.11,AU,0.45454545454545453
5000260289,35.11,BR,0.09090909090909091
5000274109,20.59,US,0.5
5000274109,35.11,SA,0.5
5000296881,19.20,DE,0.09090909090909091
5000296881,20.13,CA,0.09090909090909091
5000296881,20.13,ES,0.09090909090909091
5000296881,20.13,NL,0.36363636363636365
5000296881,20.13,US,0.36363636363636365
5000472343,06.20,MY,0.15384615384615385
5000472343,19.20,JP,0.7692307692307693
5000472343,35.11,JP,0.07692307692307693
5000511211,51.10,CN,1.0
5000550556,52.22,CN,1.0
5000561908,35.11,CN,0.8571428571428571
5000561908,35.11,IN,0.14285714285714285
5000562077,35.11,AU,0.11587485515643106
5000562077,35.11,CN,0.34762456546929316
5000562077,35.11,KH,0.06952491309385864
5000562077,35.11,KZ,0.1772885283893395
5000562077,35.11,VN,0.28968713789107764
5000592036,35.11,CN,0.7820658342792282
5000592036,35.11,ZA,0.21793416572077184
5000621484,35.11,CN,1.0
5000631407,35.11,AR,0.6052631578947368
5000631407,35.11,KH,0.39473684210526316
5000720293,35.11,CN,1.0
5000737707,20.13,DE,0.14285714285714285
5000737707,20.13,FR,0.21428571428571427
5000737707,20.13,US,0.42857142857142855
5000737707,20.59,US,0.14285714285714285
5000737707,35.11,DE,0.07142857142857142
5000809539,06.10,BR,1.0
5000915713,05.20,CN,0.16666666666666666
5000915713,35.11,CN,0.8333333333333335
5001110722,35.11,TH,1.0
5001170594,06.10,AO,0.10714285714285715
5001170594,06.10,AR,0.02380952380952381
5001170594,06.10,AU,0.03571428571428572
5001170594,06.10,BO,0.02380952380952381
5001170594,06.10,BR,0.02380952380952381
5001170594,06.10,CA,0.02380952380952381
5001170594,06.10,CG,0.02380952380952381
5001170594,06.10,CN,0.011904761904761906
5001170594,06.10,DK,0.02380952380952381
5001170594,06.10,DZ,0.011904761904761906
5001170594,06.10,GA,0.011904761904761906
5001170594,06.10,GB,0.03571428571428572
5001170594,06.10,IQ,0.011904761904761906
5001170594,06.10,IT,0.011904761904761906
5001170594,06.10,KZ,0.011904761904761906
5001170594,06.10,LY,0.03571428571428572
5001170594,06.10,NG,0.14285714285714288
5001170594,06.10,NO,0.04761904761904762
5001170594,06.10,QA,0.011904761904761906
5001170594,06.10,US,0.02380952380952381
5001170594,19.20,BE,0.011904761904761906
5001170594,19.20,DE,0.011904761904761906
5001170594,19.20,FR,0.05952380952380953
5001170594,19.20,NL,0.011904761904761906
5001170594,19.20,US,0.011904761904761906
5001170594,20.13,FR,0.011904761904761904
5001170594,35.11,AE,0.011904761904761906
5001170594,35.11,AU,0.011904761904761906
5001170594,35.11,BE,0.011904761904761906
5001170594,35.11,CN,0.04339666901243256
5001170594,35.11,DE,0.011904761904761906
5001170594,35.11,ES,0.011904761904761906
5001170594,35.11,FR,0.0875557119399484
5001170594,35.11,KZ,0.011904761904761906
5001170594,35.11,NG,0.02380952380952381
5001180536,35.11,CN,1.0
5001437767,35.11,DO,0.0029697912830686257
5001437767,35.11,US,0.9970302087169314
5001437957,35.11,ID,1.0
5001438555,19.20,US,1.0
5034844193,05.10,AU,0.2087744531600484
5034844193,05.10,ZA,0.08
5034844193,05.20,AU,0.09176307453880558
5034844193,05.20,CO,0.057260158512214686
5034844193,05.20,ZA,0.002202313788931334
5034844193,06.10,GQ,0.02
5034844193,07.10,ZA,0.02
5034844193,07.29,AU,0.04
5034844193,07.29,CA,0.12
5034844193,07.29,CD,0.16
5034844193,07.29,CL,0.02
5034844193,07.29,KZ,0.02
5034844193,07.29,PE,0.12
5034844193,35.11,FR,0.04
5034844920,05.10,CN,0.6666666666666666
5034844920,20.59,CN,0.3333333333333333
5034849139,35.11,BD,0.07519169751454258
5034849139,35.11,CN,0.5982615018508726
5034849139,35.11,ID,0.04296668429402433
5034849139,35.11,PK,0.2835801163405606
5035428994,35.11,CN,1.0
5035460884,35.11,CN,1.0
5035712095,05.10,CN,0.9411764705882353
5035712095,35.11,CN,0.058823529411764705
5035741840,24.10,US,0.3333333333333333
5035741840,24.20,US,0.5333333333333333
5035741840,35.11,US,0.13333333333333333
5036198012,35.11,DE,0.3053582458307597
5036198012,35.11,FR,0.2048332303891291
5036198012,35.11,IT,0.34388511426806667
5036198012,35.11,NO,0.14592340951204447
5037086371,35.11,CN,1.0
5037128948,19.20,GB,0.25
5037128948,35.11,US,0.75
5037818914,35.11,AE,0.07142857142857142
5037818914,35.11,BH,0.07142857142857142
5037818914,35.11,JO,0.21428571428571427
5037818914,35.11,OM,0.14285714285714285
5037818914,35.11,SA,0.42857142857142855
5037818914,35.11,TR,0.07142857142857142
5037844900,07.29,CD,1.0
5038049016,20.11,US,0.40624078831010235
5038049016,20.13,NL,0.2863519602476102
5038049016,20.13,US,0.3074072514422874
5038911471,35.11,TH,1.0
5040793185,05.10,CN,0.012048192771084336
5040793185,35.11,CN,0.9879518072289156
5041758706,35.11,TW,1.0
5043334242,35.11,CN,1.0
5045048842,07.29,ID,1.0
5045848462,35.11,CN,1.0
5046043341,06.10,IN,0.5
5046043341,19.20,IN,0.5
5048228147,35.11,IN,1.0
5050699008,35.11,TH,1.0
5050702133,35.11,AU,1.0
5050705971,35.11,CL,1.0
5051045063,07.29,AU,0.14285714285714285
5051045063,07.29,BR,0.14285714285714285
5051045063,24.10,AU,0.21428571428571427
5051045063,24.10,BR,0.07142857142857142
5051045063,35.11,BR,0.03623879458325386
5051045063,35.11,US,0.3923326339881747
5052137229,05.10,US,0.09999999999999999
5052137229,35.11,US,0.8999999999999999
5055456802,19.20,KR,1.0
5056396714,35.11,BD,1.0
5057567349,06.10,CA,0.25
5057567349,06.10,CI,0.08333333333333334
5057567349,06.20,CA,0.5833333333333334
5057567349,19.20,CA,0.04166666666666667
5057567349,35.11,CA,0.04166666666666667
5057833759,35.11,US,1.0
5057957727,35.11,DE,0.27315207863113355
5057957727,35.11,FR,0.002871361619006205
5057957727,35.11,GB,0.31129770360093595
5057957727,35.11,IT,0.07388234319673657
5057957727,35.11,NL,0.176699176554228
5057957727,35.11,SE,0.03876338185658376
5057957727,35.11,TR,0.12112521483444805
5057957727,35.11,US,0.00220873970692785
5059998878,20.59,CA,0.5
5059998878,20.59,US,0.5
5063196140,17.11,BR,0.5882352941176471
5063196140,17.11,US,0.058823529411764705
5063196140,35.11,US,0.35294117647058826
5066630647,07.29,CL,0.25
5066630647,07.29,CY,0.125
5066630647,07.29,TR,0.25
5066630647,07.29,ZM,0.125
5066630647,35.11,CL,0.125
5066630647,35.11,ML,0.125
5073113072,06.10,CA,0.3333333333333333
5073113072,06.20,US,0.6666666666666666
5073777894,35.11,BR,0.9523809523809523
5073777894,52.22,AU,0.047619047619047616
5076419892,05.10,CN,0.30399999999999994
5076419892,05.20,IN,0.029333333333333336
5076419892,06.10,CA,0.16666666666666666
5076419892,35.11,ID,0.22301516503122212
5076419892,35.11,JP,0.260035682426405
5076419892,35.11,KZ,0.01694915254237288
5080022433,06.10,EG,0.5
5080022433,06.10,GB,0.3333333333333333
5080022433,06.10,US,0.16666666666666666
5081500884,35.11,US,0.9999999999999999
5082075678,06.10,CA,0.1
5082075678,06.10,CN,0.1
5082075678,06.20,CA,0.49999999999999994
5082075678,06.20,ID,0.09999999999999999
5082075678,35.11,CA,0.2
5083144032,35.11,BG,0.4
5083144032,35.11,CO,0.09999999999999999
5083144032,35.11,ES,0.09999999999999999
5083144032,35.11,MX,0.19999999999999998
5083144032,35.11,SN,0.09999999999999999
5083144032,35.11,TT,0.09999999999999999
5083858869,35.11,MX,1.0
